,k,p,q,run_id,param,param_out,param_pos,input,output,diff
799,2,0,1,0,theta,theta_out,0,-0.2052484561997177,-0.19756603877684994,-0.0076824174228677655
798,2,0,1,1,theta,theta_out,0,0.9061075395085392,0.9025649515359717,0.003542587972567457
797,2,0,1,2,theta,theta_out,0,0.7492308495887207,0.7431708951585868,0.0060599544301338515
796,2,0,1,3,theta,theta_out,0,0.08874943651880948,0.08267607167397245,0.006073364844837031
794,2,0,2,0,theta,theta_out,0,-1.1416930573421515,-1.128461643422516,-0.013231413919635449
795,2,0,2,0,theta,theta_out,1,0.23689320511592832,0.22203988751452905,0.014853317601399268
792,2,0,2,1,theta,theta_out,0,0.6633035150018279,0.6432165966721993,0.02008691832962861
793,2,0,2,1,theta,theta_out,1,-0.32766937027049825,-0.3485026127264675,0.020833242455969236
790,2,0,2,2,theta,theta_out,0,-0.46808382323820497,-0.47033881778477393,0.002254994546568967
791,2,0,2,2,theta,theta_out,1,-0.10057633940339844,-0.10271840817185213,0.0021420687684536865
788,2,0,2,3,theta,theta_out,0,0.6232965346344568,0.6287202618468691,-0.005423727212412355
789,2,0,2,3,theta,theta_out,1,0.2762704653974029,0.2733079836614048,0.0029624817359981126
785,2,0,3,0,theta,theta_out,0,-0.8235453686598683,-0.8055127728379322,-0.01803259582193606
786,2,0,3,0,theta,theta_out,1,-0.49345882784166123,-0.5134823253892726,0.020023497547611402
787,2,0,3,0,theta,theta_out,2,0.3992734511147664,0.4009103687970619,-0.0016369176822954579
782,2,0,3,1,theta,theta_out,0,0.3703906551044371,0.3900300647078478,-0.019639409603410707
783,2,0,3,1,theta,theta_out,1,0.6545109496539955,0.6673264408953575,-0.012815491241362054
784,2,0,3,1,theta,theta_out,2,0.2502966101044717,0.2678103073968081,-0.017513697292336428
779,2,0,3,2,theta,theta_out,0,0.3608160765939722,0.3561311905866187,0.004684886007353506
780,2,0,3,2,theta,theta_out,1,0.030147687542805834,0.02639365089241521,0.0037540366503906256
781,2,0,3,2,theta,theta_out,2,0.5641514391774903,0.5729407067489676,-0.008789267571477244
776,2,0,3,3,theta,theta_out,0,0.5021239182510527,0.49626486461083297,0.005859053640219769
777,2,0,3,3,theta,theta_out,1,-0.13982983503018065,-0.12756108548879544,-0.01226874954138521
778,2,0,3,3,theta,theta_out,2,-0.38929820260840997,-0.38669912722493227,-0.0025990753834777003
772,2,0,4,0,theta,theta_out,0,-0.5362536189094652,-0.5331408914760928,-0.003112727433372431
773,2,0,4,0,theta,theta_out,1,-0.0859932538414322,-0.07984035224690342,-0.006152901594528776
774,2,0,4,0,theta,theta_out,2,0.029883605325663587,0.03525770893740499,-0.005374103611741406
775,2,0,4,0,theta,theta_out,3,0.4862329383463616,0.49797770205739844,-0.011744763711036832
768,2,0,4,1,theta,theta_out,0,0.1661606839097809,0.16419817248552132,0.001962511424259572
769,2,0,4,1,theta,theta_out,1,-0.6013513616901502,-0.5899660866252642,-0.011385275064886069
770,2,0,4,1,theta,theta_out,2,-0.13264758564235685,-0.13520006637489995,0.0025524807325431054
771,2,0,4,1,theta,theta_out,3,0.09644774454716823,0.0915084510796965,0.004939293467471725
764,2,0,4,2,theta,theta_out,0,0.0594466171704513,0.04722747865578439,0.01221913851466691
765,2,0,4,2,theta,theta_out,1,-0.8506065916606459,-0.8619032717379733,0.011296680077327426
766,2,0,4,2,theta,theta_out,2,0.12560459781663513,0.13660914818946604,-0.011004550372830907
767,2,0,4,2,theta,theta_out,3,0.42163736761416326,0.42168475901608893,-4.7391401925667154e-05
760,2,0,4,3,theta,theta_out,0,-0.4925937017481957,-0.48466653199437737,-0.007927169753818353
761,2,0,4,3,theta,theta_out,1,0.4152455340580522,0.4043803180112482,0.010865216046804016
762,2,0,4,3,theta,theta_out,2,-0.5638918520384716,-0.558149943238692,-0.005741908799779538
763,2,0,4,3,theta,theta_out,3,-0.26203833088015716,-0.2765367041517071,0.014498373271549958
759,2,1,1,0,theta,theta_out,0,-0.6131485844743755,-0.6109725828879986,-0.0021760015863768745
758,2,1,1,1,theta,theta_out,0,0.6755784347011888,0.6671857827522149,0.008392651948973984
757,2,1,1,2,theta,theta_out,0,-0.8120706045288703,-0.8068690742788764,-0.005201530249993813
756,2,1,1,3,theta,theta_out,0,0.7549068998973204,0.7694604657031814,-0.01455356580586098
754,2,1,2,0,theta,theta_out,0,0.03371612323176343,0.029345090167931704,0.0043710330638317245
755,2,1,2,0,theta,theta_out,1,-0.4674683030255619,-0.45779027669856104,-0.009678026327000877
752,2,1,2,1,theta,theta_out,0,-0.12046029600430992,-0.11313429311073309,-0.007326002893576836
753,2,1,2,1,theta,theta_out,1,0.5089278683673252,0.49855730588997704,0.010370562477348133
750,2,1,2,2,theta,theta_out,0,-0.4068032903576069,-0.39619225753169146,-0.010611032825915412
751,2,1,2,2,theta,theta_out,1,-0.15847449896193158,-0.17472357007608222,0.016249071114150637
748,2,1,2,3,theta,theta_out,0,0.07043363032993633,0.07076231169364891,-0.00032868136371258516
749,2,1,2,3,theta,theta_out,1,-0.5191386766166068,-0.5245530845292596,0.005414407912652797
745,2,1,3,0,theta,theta_out,0,0.16048266374652131,0.1577367683358837,0.0027458954106376054
746,2,1,3,0,theta,theta_out,1,0.3888479749883805,0.39654821057747236,-0.007700235589091886
747,2,1,3,0,theta,theta_out,2,-0.4368080625716383,-0.4404793979751349,0.003671335403496623
742,2,1,3,1,theta,theta_out,0,-0.452169273859511,-0.44462115654198026,-0.007548117317530745
743,2,1,3,1,theta,theta_out,1,-0.6027450778628058,-0.609775443148937,0.007030365286131102
744,2,1,3,1,theta,theta_out,2,0.3089184330123035,0.3139240408626481,-0.0050056078503445955
739,2,1,3,2,theta,theta_out,0,0.08884249125067246,0.1124282334240361,-0.023585742173363636
740,2,1,3,2,theta,theta_out,1,0.6679799277724616,0.6574281444478101,0.010551783324651565
741,2,1,3,2,theta,theta_out,2,0.0706472277419144,0.07342209644157237,-0.0027748686996579702
736,2,1,3,3,theta,theta_out,0,0.12053988939739257,0.10836197151995793,0.01217791787743465
737,2,1,3,3,theta,theta_out,1,-0.1933860912315497,-0.20929628243404755,0.015910191202497842
738,2,1,3,3,theta,theta_out,2,-0.5534628324610684,-0.5681288643100042,0.014666031848935779
732,2,1,4,0,theta,theta_out,0,-0.09548473674276287,-0.0957612128891522,0.00027647614638932894
733,2,1,4,0,theta,theta_out,1,0.1931844439010979,0.19100376999586272,0.0021806739052351864
734,2,1,4,0,theta,theta_out,2,-0.10264343710248053,-0.09563232442819655,-0.007011112674283976
735,2,1,4,0,theta,theta_out,3,-0.3494578861587916,-0.3517530294471387,0.0022951432883471234
728,2,1,4,1,theta,theta_out,0,-0.4695894253456966,-0.48707946084132264,0.017490035495626055
729,2,1,4,1,theta,theta_out,1,-0.16737731505942266,-0.1732719813197666,0.005894666260343934
730,2,1,4,1,theta,theta_out,2,0.46005613975851384,0.45754502978647604,0.002511109972037795
731,2,1,4,1,theta,theta_out,3,0.13867769989229692,0.132519742311323,0.006157957580973927
724,2,1,4,2,theta,theta_out,0,0.28936639122167834,0.2786441973449775,0.01072219387670087
725,2,1,4,2,theta,theta_out,1,-0.13858370520459073,-0.15873261366044167,0.020148908455850933
726,2,1,4,2,theta,theta_out,2,0.314364877542862,0.28405250307212915,0.030312374470732872
727,2,1,4,2,theta,theta_out,3,-0.15820044277690365,-0.1809223085940738,0.022721865817170145
720,2,1,4,3,theta,theta_out,0,-0.49982587227421127,-0.48870212440105143,-0.01112374787315984
721,2,1,4,3,theta,theta_out,1,0.7137342863002931,0.7152663525353448,-0.0015320662350516434
722,2,1,4,3,theta,theta_out,2,-0.6547725440900385,-0.6363338807912057,-0.018438663298832814
723,2,1,4,3,theta,theta_out,3,0.10815157662533408,0.09968884108325697,0.008462735542077104
719,2,2,1,0,theta,theta_out,0,-0.465966701596443,-0.47936955588345026,0.013402854287007271
718,2,2,1,1,theta,theta_out,0,0.3245087159449008,0.34003876302073155,-0.015530047075830722
717,2,2,1,2,theta,theta_out,0,0.5816347711413354,0.5912181682791053,-0.0095833971377699
716,2,2,1,3,theta,theta_out,0,0.03875044739096064,0.0972682023985297,-0.058517755007569054
714,2,2,2,0,theta,theta_out,0,-0.8964878873747222,-0.8954835978880812,-0.0010042894866409968
715,2,2,2,0,theta,theta_out,1,0.7831060132818243,0.7792815628503561,0.0038244504314681738
712,2,2,2,1,theta,theta_out,0,0.11531265985391459,0.12200919228275672,-0.0066965324288421335
713,2,2,2,1,theta,theta_out,1,-0.723621110664023,-0.7299488297807052,0.006327719116682173
710,2,2,2,2,theta,theta_out,0,-0.06104101995375666,-0.06254971269671425,0.0015086927429575903
711,2,2,2,2,theta,theta_out,1,-0.5316954240187891,-0.5338912173535738,0.0021957933347847014
708,2,2,2,3,theta,theta_out,0,0.16990667298589884,0.16964861483562368,0.0002580581502751589
709,2,2,2,3,theta,theta_out,1,0.6097009211747713,0.6177912716774256,-0.008090350502654386
705,2,2,3,0,theta,theta_out,0,0.47861592974962985,0.48635121593950226,-0.0077352861898724035
706,2,2,3,0,theta,theta_out,1,0.6942332445860027,0.7037495750492287,-0.009516330463226086
707,2,2,3,0,theta,theta_out,2,0.3735993975186116,0.39475977509119775,-0.021160377572586153
702,2,2,3,1,theta,theta_out,0,-0.720795042461888,-0.7249630904649754,0.0041680480030874545
703,2,2,3,1,theta,theta_out,1,0.7270935628306165,0.7359084822200883,-0.008814919389471765
704,2,2,3,1,theta,theta_out,2,-0.6044559739697706,-0.6108845834664488,0.006428609496678228
699,2,2,3,2,theta,theta_out,0,-0.40933784255747274,-0.4035410179452745,-0.005796824612198215
700,2,2,3,2,theta,theta_out,1,-0.09741919740925586,-0.09590461573050515,-0.0015145816787507094
701,2,2,3,2,theta,theta_out,2,0.6723662215657087,0.67868480443548,-0.006318582869771272
696,2,2,3,3,theta,theta_out,0,0.3684885595820183,0.3585813782417019,0.009907181340316429
697,2,2,3,3,theta,theta_out,1,-0.2996602661310563,-0.3088549418175885,0.009194675686532205
698,2,2,3,3,theta,theta_out,2,-0.6721011186647013,-0.6737847124624131,0.0016835937977117688
692,2,2,4,0,theta,theta_out,0,-0.01636769603977062,0.011797599686986205,-0.02816529572675682
693,2,2,4,0,theta,theta_out,1,-0.2592493055722816,-0.288544192263856,0.02929488669157443
694,2,2,4,0,theta,theta_out,2,-0.21167692200172902,-0.21073834306199737,-0.0009385789397316491
695,2,2,4,0,theta,theta_out,3,0.10874451977323767,0.11256931694939165,-0.003824797176153985
688,2,2,4,1,theta,theta_out,0,1.167117856731379,1.1556283453636458,0.01148951136773313
689,2,2,4,1,theta,theta_out,1,0.6013286052275356,0.5892327569898886,0.012095848237646978
690,2,2,4,1,theta,theta_out,2,0.8834320657981518,0.8888266766693541,-0.005394610871202299
691,2,2,4,1,theta,theta_out,3,0.5053552685531982,0.5122509251075914,-0.00689565655439317
684,2,2,4,2,theta,theta_out,0,0.32726848004198394,0.35071268132402195,-0.023444201282038002
685,2,2,4,2,theta,theta_out,1,0.12496235472447638,0.11568528414747146,0.009277070577004914
686,2,2,4,2,theta,theta_out,2,-0.08448350823730705,-0.08121081415620553,-0.003272694081101521
687,2,2,4,2,theta,theta_out,3,-0.15656650998685534,-0.17575465991816772,0.019188149931312376
680,2,2,4,3,theta,theta_out,0,0.4967289003411176,0.4940740660382474,0.0026548343028702237
681,2,2,4,3,theta,theta_out,1,0.4727474722014999,0.4576125130309115,0.01513495917058838
682,2,2,4,3,theta,theta_out,2,0.5676219291687847,0.5597295269754993,0.007892402193285464
683,2,2,4,3,theta,theta_out,3,0.26486662194260396,0.2431026707118196,0.021763951230784367
679,2,3,1,0,theta,theta_out,0,0.41492963297657576,0.41647541366305246,-0.0015457806864767054
678,2,3,1,1,theta,theta_out,0,0.8803587525812795,0.8674516469102177,0.012907105671061792
677,2,3,1,2,theta,theta_out,0,-0.4153002190815681,-0.42072273634163515,0.005422517260067039
676,2,3,1,3,theta,theta_out,0,-0.4302136799594696,-0.4308412010674997,0.0006275211080301046
674,2,3,2,0,theta,theta_out,0,1.4477097439079831,1.4167643489685509,0.03094539493943227
675,2,3,2,0,theta,theta_out,1,0.48297177533929453,0.45191452034197055,0.03105725499732398
672,2,3,2,1,theta,theta_out,0,0.4013783059902429,-0.13903936923247645,0.5404176752227193
673,2,3,2,1,theta,theta_out,1,-0.2264345734609094,-0.6540139682035007,0.42757939474259127
670,2,3,2,2,theta,theta_out,0,0.655905795107836,0.6623594634681317,-0.006453668360295706
671,2,3,2,2,theta,theta_out,1,0.8784638564038053,0.8838998763429373,-0.0054360199391320085
668,2,3,2,3,theta,theta_out,0,-0.015647592016258215,-0.004087371600696722,-0.011560220415561494
669,2,3,2,3,theta,theta_out,1,0.5120927701931309,0.49786402184749107,0.014228748345639863
665,2,3,3,0,theta,theta_out,0,-0.020179173517346327,-0.003136950398166924,-0.017042223119179405
666,2,3,3,0,theta,theta_out,1,-0.21672449755206585,-0.2246782296734886,0.007953732121422752
667,2,3,3,0,theta,theta_out,2,-0.045185928908412894,-0.03295914371146903,-0.012226785196943861
662,2,3,3,1,theta,theta_out,0,0.14852773982190676,0.3958106372703805,-0.24728289744847376
663,2,3,3,1,theta,theta_out,1,0.5586646352304758,0.7011377179049081,-0.14247308267443226
664,2,3,3,1,theta,theta_out,2,-0.310544751720963,-0.11420798485952173,-0.1963367668614413
659,2,3,3,2,theta,theta_out,0,-0.10292971139475726,-0.2522357829516249,0.14930607155686765
660,2,3,3,2,theta,theta_out,1,-0.31365823542134535,-0.24194596464382603,-0.07171227077751932
661,2,3,3,2,theta,theta_out,2,0.08054534759699641,0.05975502733083309,0.02079032026616332
656,2,3,3,3,theta,theta_out,0,-0.19739413708084774,-0.18265117161968275,-0.014742965461164992
657,2,3,3,3,theta,theta_out,1,0.27201994089438164,0.25733115718768024,0.014688783706701403
658,2,3,3,3,theta,theta_out,2,0.6286503196109257,0.6381662622418618,-0.009515942630936136
652,2,3,4,0,theta,theta_out,0,0.1195906433053543,0.1088376671296635,0.010752976175690793
653,2,3,4,0,theta,theta_out,1,0.4595875509971438,0.47174559904290153,-0.012158048045757708
654,2,3,4,0,theta,theta_out,2,-0.1878959111091675,-0.1863842191823301,-0.001511691926837394
655,2,3,4,0,theta,theta_out,3,-0.3720849391672777,-0.3516246164773864,-0.020460322689891286
648,2,3,4,1,theta,theta_out,0,-0.41856070136406465,-0.3953929236095341,-0.02316777775453055
649,2,3,4,1,theta,theta_out,1,0.24666386822759634,0.24219789463679817,0.004465973590798172
650,2,3,4,1,theta,theta_out,2,-0.542910636958449,-0.535336790854236,-0.007573846104212967
651,2,3,4,1,theta,theta_out,3,0.5436254539201786,0.5316875424849793,0.011937911435199289
644,2,3,4,2,theta,theta_out,0,-0.7185290478582281,-0.6799360146281008,-0.038593033230127305
645,2,3,4,2,theta,theta_out,1,0.03930651673603491,-0.0016114414013106552,0.04091795813734557
646,2,3,4,2,theta,theta_out,2,0.32442532704062926,0.3461442241003222,-0.021718897059692932
647,2,3,4,2,theta,theta_out,3,-0.34177330961150193,-0.34945928584684427,0.00768597623534234
640,2,3,4,3,theta,theta_out,0,0.5688323007232226,0.5403563813687283,0.028475919354494228
641,2,3,4,3,theta,theta_out,1,0.5268318112549717,0.4643248698766055,0.06250694137836621
642,2,3,4,3,theta,theta_out,2,-0.09320516064944248,-0.13975027673857862,0.04654511608913614
643,2,3,4,3,theta,theta_out,3,-0.11677131333652842,-0.13995707716521058,0.023185763828682163
639,2,4,1,0,theta,theta_out,0,0.9927970280182609,0.9942568114656928,-0.0014597834474319171
638,2,4,1,1,theta,theta_out,0,0.925069848627828,0.9286748252638393,-0.0036049766360112256
637,2,4,1,2,theta,theta_out,0,0.9431145095379188,0.9422712898790907,0.0008432196588280538
636,2,4,1,3,theta,theta_out,0,0.6654992648926628,0.6775222162692295,-0.012022951376566726
634,2,4,2,0,theta,theta_out,0,-0.03908009232231209,0.05869230118271312,-0.0977723935050252
635,2,4,2,0,theta,theta_out,1,-0.25320456674608477,-0.3000102460733229,0.046805679327238114
632,2,4,2,1,theta,theta_out,0,0.26608829496018604,0.23222442132245458,0.03386387363773147
633,2,4,2,1,theta,theta_out,1,-0.5301718575215285,-0.5351847864954941,0.005012928973965547
630,2,4,2,2,theta,theta_out,0,-0.34387852917669237,-0.3683802579379687,0.02450172876127632
631,2,4,2,2,theta,theta_out,1,-0.5215023800925415,-0.511503868875839,-0.009998511216702477
628,2,4,2,3,theta,theta_out,0,-0.3035670523587141,-0.236766736230603,-0.06680031612811113
629,2,4,2,3,theta,theta_out,1,-0.34315225424277546,-0.38607609385501146,0.042923839612236
625,2,4,3,0,theta,theta_out,0,-0.2305409793214482,1.2301623913895463,-1.4607033707109944
626,2,4,3,0,theta,theta_out,1,-0.4657010494771798,-0.18595313371283467,-0.2797479157643451
627,2,4,3,0,theta,theta_out,2,0.26163428266619115,-0.41612721826891413,0.6777615009351052
622,2,4,3,1,theta,theta_out,0,-0.41333626551408437,-0.3946522939666915,-0.018683971547392875
623,2,4,3,1,theta,theta_out,1,0.6903077159380819,0.6945184790845195,-0.004210763146437535
624,2,4,3,1,theta,theta_out,2,-0.40886544188263857,-0.39841056854816614,-0.010454873334472425
619,2,4,3,2,theta,theta_out,0,0.30882030282110484,0.27067162217305346,0.03814868064805138
620,2,4,3,2,theta,theta_out,1,0.7268384421575683,0.7281665616052752,-0.0013281194477068325
621,2,4,3,2,theta,theta_out,2,0.10372222433526698,0.07537904851901253,0.02834317581625445
616,2,4,3,3,theta,theta_out,0,-0.21191524466683676,0.013151563110877444,-0.2250668077777142
617,2,4,3,3,theta,theta_out,1,0.4005008514019526,0.22483279825528107,0.1756680531466715
618,2,4,3,3,theta,theta_out,2,0.4242704117856317,0.6112934295719694,-0.18702301778633773
612,2,4,4,0,theta,theta_out,0,0.3865212983281452,0.34761856505770056,0.038902733270444634
613,2,4,4,0,theta,theta_out,1,0.1606795571269194,0.1338687663277331,0.0268107907991863
614,2,4,4,0,theta,theta_out,2,0.10015138762366044,0.1024102587421423,-0.002258871118481859
615,2,4,4,0,theta,theta_out,3,0.2444103631014991,0.25677843921048193,-0.012368076108982828
608,2,4,4,1,theta,theta_out,0,0.33545947866422804,0.05740164179668267,0.27805783686754537
609,2,4,4,1,theta,theta_out,1,0.17684521193717728,-0.12478678841784005,0.30163200035501736
610,2,4,4,1,theta,theta_out,2,0.09806815974562352,-0.1848493995739615,0.282917559319585
611,2,4,4,1,theta,theta_out,3,-0.3957102740166229,-0.598864789609981,0.20315451559335812
604,2,4,4,2,theta,theta_out,0,0.2764955357111225,0.2964370812736378,-0.019941545562515317
605,2,4,4,2,theta,theta_out,1,0.34005941881602575,0.3254411418116397,0.01461827700438606
606,2,4,4,2,theta,theta_out,2,0.22588613177372507,0.22379284506030092,0.002093286713424153
607,2,4,4,2,theta,theta_out,3,0.5158533453902552,0.5152185084727495,0.0006348369175056545
600,2,4,4,3,theta,theta_out,0,-0.7696147372324238,-0.7782169758592756,0.008602238626851832
601,2,4,4,3,theta,theta_out,1,-0.1124474997785565,-0.09661609959603076,-0.01583140018252574
602,2,4,4,3,theta,theta_out,2,0.7785397592337608,0.7819778737174027,-0.003438114483641841
603,2,4,4,3,theta,theta_out,3,-0.4622610785615175,-0.47075375924231794,0.008492680680800446
599,8,0,1,0,theta,theta_out,0,-0.8302348026934154,-0.8293125532875363,-0.0009222494058791497
598,8,0,1,1,theta,theta_out,0,0.8085480123697464,0.8072648441729114,0.0012831681968349384
597,8,0,1,2,theta,theta_out,0,0.048777579350547585,0.05074890034156839,-0.0019713209910208057
596,8,0,1,3,theta,theta_out,0,0.08127925659512274,0.08211397896498619,-0.0008347223698634554
594,8,0,2,0,theta,theta_out,0,0.09629809633443505,0.10288717047485778,-0.006589074140422729
595,8,0,2,0,theta,theta_out,1,0.7299044171644067,0.7293403164179123,0.0005641007464943781
592,8,0,2,1,theta,theta_out,0,-0.7878357853795096,-0.7837506344657067,-0.004085150913802904
593,8,0,2,1,theta,theta_out,1,0.3388897800293665,0.33811401359338017,0.0007757664359863137
590,8,0,2,2,theta,theta_out,0,0.14839330213172597,0.14400039627256955,0.004392905859156415
591,8,0,2,2,theta,theta_out,1,-0.5024255530331878,-0.5023798766840116,-4.567634917618246e-05
588,8,0,2,3,theta,theta_out,0,-0.26852835212521664,-0.267582725227369,-0.0009456268978476623
589,8,0,2,3,theta,theta_out,1,0.5834014690889437,0.5842521933018359,-0.0008507242128921177
585,8,0,3,0,theta,theta_out,0,0.28984692406104623,0.28494242310424434,0.004904500956801894
586,8,0,3,0,theta,theta_out,1,-0.5622478941447302,-0.5605058289584394,-0.001742065186290831
587,8,0,3,0,theta,theta_out,2,-0.3684415855054091,-0.3697693090705477,0.0013277235651386055
582,8,0,3,1,theta,theta_out,0,0.07870835158849643,0.08075186850152888,-0.0020435169130324504
583,8,0,3,1,theta,theta_out,1,0.573728209473714,0.5727287680092676,0.0009994414644463046
584,8,0,3,1,theta,theta_out,2,0.6812879147559145,0.6828030633534338,-0.0015151485975192225
579,8,0,3,2,theta,theta_out,0,-0.7180813783092727,-0.7214551092061011,0.003373730896828464
580,8,0,3,2,theta,theta_out,1,-0.42019803433903735,-0.42107200141393203,0.0008739670748946771
581,8,0,3,2,theta,theta_out,2,0.8116768799351204,0.8125693045173172,-0.0008924245821968491
576,8,0,3,3,theta,theta_out,0,0.751344793138755,0.7537182394125695,-0.002373446273814528
577,8,0,3,3,theta,theta_out,1,-0.170079096803407,-0.16949640065427404,-0.0005826961491329496
578,8,0,3,3,theta,theta_out,2,-0.0445163888530942,-0.04427265676577062,-0.00024373208732358237
572,8,0,4,0,theta,theta_out,0,-0.011367152225273153,-0.013677526142903306,0.0023103739176301534
573,8,0,4,0,theta,theta_out,1,0.47894388788647835,0.4798818645254865,-0.0009379766390081312
574,8,0,4,0,theta,theta_out,2,0.26461439856471947,0.2638973140163821,0.0007170845483373545
575,8,0,4,0,theta,theta_out,3,-0.44215741570514244,-0.44225929576073797,0.00010188005559552682
568,8,0,4,1,theta,theta_out,0,-1.078991915990135,-1.081040072665045,0.0020481566749099844
569,8,0,4,1,theta,theta_out,1,0.58930702324555,0.5831119110390286,0.006195112206521358
570,8,0,4,1,theta,theta_out,2,0.39627217239767415,0.4054450527548625,-0.009172880357188329
571,8,0,4,1,theta,theta_out,3,-0.3352569709859265,-0.3444463444846992,0.00918937349877269
564,8,0,4,2,theta,theta_out,0,-0.839808854731828,-0.8339998569077962,-0.00580899782403177
565,8,0,4,2,theta,theta_out,1,0.9180936995038009,0.9100228253322882,0.008070874171512754
566,8,0,4,2,theta,theta_out,2,-0.20961273385188883,-0.20204745404382088,-0.007565279808067954
567,8,0,4,2,theta,theta_out,3,-0.17020847560557212,-0.1760890067508891,0.005880531145316975
560,8,0,4,3,theta,theta_out,0,-0.0030166905705704683,0.0007362207790316578,-0.003752911349602126
561,8,0,4,3,theta,theta_out,1,0.2094211148481675,0.2051612885543775,0.004259826293789987
562,8,0,4,3,theta,theta_out,2,0.3351938239802055,0.3367198642092325,-0.0015260402290270259
563,8,0,4,3,theta,theta_out,3,-0.22514058320776095,-0.2259043632939898,0.0007637800862288491
559,8,1,1,0,theta,theta_out,0,0.6345906223286137,0.628790650094302,0.005799972234311723
558,8,1,1,1,theta,theta_out,0,0.6694489462537228,0.6679186002432088,0.0015303460105139388
557,8,1,1,2,theta,theta_out,0,-0.7914676183860913,-0.7911898480375553,-0.00027777034853593285
556,8,1,1,3,theta,theta_out,0,-0.04367962403601739,-0.040352566395558245,-0.0033270576404591454
554,8,1,2,0,theta,theta_out,0,-0.37932195478776887,-0.38275930323372276,0.0034373484459538917
555,8,1,2,0,theta,theta_out,1,-0.2799830518019188,-0.28531574009260613,0.005332688290687337
552,8,1,2,1,theta,theta_out,0,-0.2015612037718636,-0.20150495577951721,-5.6247992346381004e-05
553,8,1,2,1,theta,theta_out,1,0.7514284231271147,0.7457578514474428,0.0056705716796718875
550,8,1,2,2,theta,theta_out,0,1.3169626975716744,1.3169187955226678,4.390204900661665e-05
551,8,1,2,2,theta,theta_out,1,0.8280956380770416,0.8262398625350851,0.0018557755419564836
548,8,1,2,3,theta,theta_out,0,-0.1280678535854498,-0.1360743920551246,0.008006538469674779
549,8,1,2,3,theta,theta_out,1,-0.31990667274040985,-0.3212265970103174,0.0013199242699075686
545,8,1,3,0,theta,theta_out,0,0.21782677102184755,0.202044236418518,0.015782534603329568
546,8,1,3,0,theta,theta_out,1,0.18959033636005806,0.1932505415847374,-0.0036602052246793304
547,8,1,3,0,theta,theta_out,2,0.5001075175242997,0.4902376619969339,0.0098698555273658
542,8,1,3,1,theta,theta_out,0,-0.22115248340802435,-0.22755557886775013,0.006403095459725783
543,8,1,3,1,theta,theta_out,1,0.8883703066701056,0.8924891637153403,-0.004118857045234625
544,8,1,3,1,theta,theta_out,2,0.04636890929035209,0.04004903167068957,0.006319877619662517
539,8,1,3,2,theta,theta_out,0,0.37823438863056014,0.3700137840041328,0.00822060462642732
540,8,1,3,2,theta,theta_out,1,0.3450105812390956,0.3461711161524052,-0.0011605349133095855
541,8,1,3,2,theta,theta_out,2,-0.33138213503769665,-0.3323948461876807,0.0010127111499840802
536,8,1,3,3,theta,theta_out,0,0.5508612230311377,0.5507581333898649,0.00010308964127281328
537,8,1,3,3,theta,theta_out,1,-0.5178907831964273,-0.5189080714380189,0.0010172882415915296
538,8,1,3,3,theta,theta_out,2,-0.5252167205968591,-0.5287997851698637,0.003583064573004613
532,8,1,4,0,theta,theta_out,0,-0.752762829598218,-0.7584090913913794,0.0056462617931613
533,8,1,4,0,theta,theta_out,1,-0.1377379470719,-0.13787398343201904,0.00013603636011902398
534,8,1,4,0,theta,theta_out,2,0.473432360321446,0.47528160024987776,-0.0018492399284317784
535,8,1,4,0,theta,theta_out,3,-0.5209480523881078,-0.520733232725276,-0.00021481966283176668
528,8,1,4,1,theta,theta_out,0,-0.09482574451224807,-0.08244680403092236,-0.012378940481325706
529,8,1,4,1,theta,theta_out,1,-0.007697177516748532,-0.006687389110422153,-0.001009788406326379
530,8,1,4,1,theta,theta_out,2,0.08632732668372271,0.09236828892154895,-0.006040962237826242
531,8,1,4,1,theta,theta_out,3,-0.1883209469795668,-0.18605552694672992,-0.00226542003283689
524,8,1,4,2,theta,theta_out,0,0.7043824152373679,0.6985343630099157,0.005848052227452216
525,8,1,4,2,theta,theta_out,1,0.7105336200919562,0.7023805415163406,0.008153078575615647
526,8,1,4,2,theta,theta_out,2,-0.2317897013799195,-0.24122372326221259,0.009434021882293087
527,8,1,4,2,theta,theta_out,3,-0.09845780654418851,-0.10489186069327029,0.006434054149081783
520,8,1,4,3,theta,theta_out,0,0.4187774423558154,0.41515260815988253,0.0036248341959328467
521,8,1,4,3,theta,theta_out,1,0.29677716397132525,0.2938499495882622,0.002927214383063037
522,8,1,4,3,theta,theta_out,2,-0.5223551493118876,-0.5268597068171297,0.004504557505242035
523,8,1,4,3,theta,theta_out,3,-0.5968774582236724,-0.5983839288835343,0.0015064706598618693
519,8,2,1,0,theta,theta_out,0,-0.8524979085115756,-0.8515231070291218,-0.0009748014824537687
518,8,2,1,1,theta,theta_out,0,0.9024211590795702,0.9014076490990934,0.0010135099804767789
517,8,2,1,2,theta,theta_out,0,0.6098971546306904,0.614017454189176,-0.004120299558485585
516,8,2,1,3,theta,theta_out,0,-0.8868446694864811,-0.8917165627049938,0.004871893218512668
514,8,2,2,0,theta,theta_out,0,-0.7047512080909836,-0.6991186673928135,-0.0056325406981700965
515,8,2,2,0,theta,theta_out,1,0.702319426223717,0.6978937593783715,0.004425666845345511
512,8,2,2,1,theta,theta_out,0,0.6287720537154338,0.6131469814747464,0.01562507224068732
513,8,2,2,1,theta,theta_out,1,0.8513480079173983,0.8203350750987365,0.031012932818661798
510,8,2,2,2,theta,theta_out,0,0.34804184058146376,0.34439171270479446,0.0036501278766692957
511,8,2,2,2,theta,theta_out,1,-0.2501047250809419,-0.2528211553582445,0.002716430277302617
508,8,2,2,3,theta,theta_out,0,0.13847628932849182,0.12413454200783652,0.014341747320655296
509,8,2,2,3,theta,theta_out,1,0.7967599134524925,0.8005880265978103,-0.003828113145317724
505,8,2,3,0,theta,theta_out,0,1.3499973174421087,1.34995817140805,3.914603405874573e-05
506,8,2,3,0,theta,theta_out,1,1.2858735629892568,1.2897456873645277,-0.0038721243752708467
507,8,2,3,0,theta,theta_out,2,0.4097065127019186,0.4140329006641292,-0.004326387962210576
502,8,2,3,1,theta,theta_out,0,-1.4267730203424114,-1.3954051728014194,-0.03136784754099198
503,8,2,3,1,theta,theta_out,1,-0.0016994577930856771,0.5746119717794909,-0.5763114295725765
504,8,2,3,1,theta,theta_out,2,0.4413210032441546,0.16993930462433396,0.27138169861982064
499,8,2,3,2,theta,theta_out,0,-0.4914133534394484,0.34086859812444,-0.8322819515638884
500,8,2,3,2,theta,theta_out,1,-0.23400484775896685,0.3489753277645532,-0.58298017552352
501,8,2,3,2,theta,theta_out,2,0.8148226968848915,0.5054232575992823,0.3093994392856092
496,8,2,3,3,theta,theta_out,0,-0.32594330946254074,-0.32983307087223107,0.003889761409690329
497,8,2,3,3,theta,theta_out,1,0.5140880974635793,0.512973958752245,0.001114138711334256
498,8,2,3,3,theta,theta_out,2,0.28486384497651285,0.28082044116996563,0.004043403806547219
492,8,2,4,0,theta,theta_out,0,-0.23409768482399929,-0.2269326344505499,-0.007165050373449389
493,8,2,4,0,theta,theta_out,1,0.3004377520864635,0.29545599333099604,0.004981758755467469
494,8,2,4,0,theta,theta_out,2,-0.06919388164031565,-0.07088814017711609,0.0016942585368004415
495,8,2,4,0,theta,theta_out,3,0.29287541190557465,0.2854190887358251,0.007456323169749535
488,8,2,4,1,theta,theta_out,0,-0.746111990319107,-0.34773600383051684,-0.3983759864885902
489,8,2,4,1,theta,theta_out,1,0.20402007147936208,0.10604175390519383,0.09797831757416825
490,8,2,4,1,theta,theta_out,2,-0.6445211033042944,-0.6289798964761412,-0.015541206828153187
491,8,2,4,1,theta,theta_out,3,0.29648916500505884,0.10340490855475214,0.1930842564503067
484,8,2,4,2,theta,theta_out,0,0.35306162399287433,0.3578630785549433,-0.004801454562068985
485,8,2,4,2,theta,theta_out,1,0.20316412458370448,0.20130882183362575,0.0018553027500787245
486,8,2,4,2,theta,theta_out,2,0.0420408185340031,0.0373360974651582,0.004704721068844897
487,8,2,4,2,theta,theta_out,3,0.6738471817365675,0.6687864373685614,0.005060744368006187
480,8,2,4,3,theta,theta_out,0,-0.5373641409223491,-0.532922381903052,-0.004441759019297109
481,8,2,4,3,theta,theta_out,1,-0.36530912540931015,-0.3629438398470733,-0.002365285562236863
482,8,2,4,3,theta,theta_out,2,0.5666206642816781,0.5606772428405715,0.0059434214411066
483,8,2,4,3,theta,theta_out,3,-0.5390467491363313,-0.541527834645387,0.0024810855090556805
479,8,3,1,0,theta,theta_out,0,-0.9368874375468083,-0.938307488301926,0.0014200507551177521
478,8,3,1,1,theta,theta_out,0,-0.19337208663024716,0.5666004784316669,-0.7599725650619141
477,8,3,1,2,theta,theta_out,0,0.8437753016187219,0.8165648029717021,0.027210498647019854
476,8,3,1,3,theta,theta_out,0,0.7530309276208995,-0.9734553940458566,1.726486321666756
474,8,3,2,0,theta,theta_out,0,-1.30299410482042,-1.3037862363151052,0.0007921314946850444
475,8,3,2,0,theta,theta_out,1,0.8552631951870058,0.8560524283261745,-0.0007892331391686769
472,8,3,2,1,theta,theta_out,0,0.34672539885479764,0.3448375112107643,0.0018878876440333592
473,8,3,2,1,theta,theta_out,1,0.015393129585767738,0.02455417699727458,-0.009161047411506841
470,8,3,2,2,theta,theta_out,0,0.23252425189184672,0.2810389580305,-0.048514706138653274
471,8,3,2,2,theta,theta_out,1,0.03443970005744273,0.03848567461270064,-0.00404597455525791
468,8,3,2,3,theta,theta_out,0,-0.19882658620254834,-0.573707488345341,0.3748809021427927
469,8,3,2,3,theta,theta_out,1,-0.7440831378497721,0.15429479792631998,-0.898377935776092
465,8,3,3,0,theta,theta_out,0,-0.16654493436474793,-0.17379344430859078,0.007248509943842851
466,8,3,3,0,theta,theta_out,1,0.04611876507720464,0.05307607079048954,-0.0069573057132849
467,8,3,3,0,theta,theta_out,2,-0.3192530881707311,-0.31168824567770415,-0.007564842493026969
462,8,3,3,1,theta,theta_out,0,-0.00808110291655273,-1.178358352761278,1.1702772498447254
463,8,3,3,1,theta,theta_out,1,0.08695667799716511,-0.06875056976687871,0.15570724776404382
464,8,3,3,1,theta,theta_out,2,-0.4455995173281469,0.3806578106837381,-0.826257328011885
459,8,3,3,2,theta,theta_out,0,-0.35325816877875205,-0.2418361743201336,-0.11142199445861845
460,8,3,3,2,theta,theta_out,1,-0.262003799054054,-0.2988030567696396,0.036799257715585565
461,8,3,3,2,theta,theta_out,2,0.35115808032242424,0.2749671397239683,0.07619094059845594
456,8,3,3,3,theta,theta_out,0,0.5457511984263195,0.654815785695691,-0.10906458726937152
457,8,3,3,3,theta,theta_out,1,-0.8297948889681711,-0.8265235461893803,-0.00327134277879082
458,8,3,3,3,theta,theta_out,2,-0.49863604615310775,-0.5434699570905304,0.044833910937422616
452,8,3,4,0,theta,theta_out,0,0.09837764521737213,-0.301134204392166,0.3995118496095381
453,8,3,4,0,theta,theta_out,1,-0.4604035810048094,0.3639244460741881,-0.8243280270789974
454,8,3,4,0,theta,theta_out,2,0.25079626243751035,-0.28141903772412846,0.5322153001616388
455,8,3,4,0,theta,theta_out,3,0.20109587075603758,0.051841048030831914,0.14925482272520565
448,8,3,4,1,theta,theta_out,0,0.05689068495708709,0.6867492154125373,-0.6298585304554503
449,8,3,4,1,theta,theta_out,1,-1.00952281704584,0.1859328781601699,-1.1954556952060098
450,8,3,4,1,theta,theta_out,2,-0.10976511768299776,-0.574501728808246,0.4647366111252482
451,8,3,4,1,theta,theta_out,3,0.3336795953000271,-0.5443943523695951,0.8780739476696222
444,8,3,4,2,theta,theta_out,0,-0.21439109103780918,-0.2363746593150826,0.021983568277273435
445,8,3,4,2,theta,theta_out,1,0.2332486257658698,0.23048632393273077,0.0027623018331390248
446,8,3,4,2,theta,theta_out,2,-0.17826508012285402,-0.19452144276627567,0.016256362643421646
447,8,3,4,2,theta,theta_out,3,0.18387510045227454,0.18382250565827588,5.2594793998661515e-05
440,8,3,4,3,theta,theta_out,0,-0.49359007931108256,-0.49766521600209657,0.004075136691014003
441,8,3,4,3,theta,theta_out,1,0.10728765252320599,0.10822256114326434,-0.0009349086200583501
442,8,3,4,3,theta,theta_out,2,-0.44722069910593176,-0.444026873680568,-0.0031938254253637832
443,8,3,4,3,theta,theta_out,3,0.05998970906049914,0.06116115544972969,-0.0011714463892305502
439,8,4,1,0,theta,theta_out,0,-0.7521944371602404,0.8367803726130784,-1.5889748097733187
438,8,4,1,1,theta,theta_out,0,0.5924230244703476,0.5053069204170673,0.0871161040532803
437,8,4,1,2,theta,theta_out,0,-0.5441210551516911,-0.4264628162289232,-0.11765823892276789
436,8,4,1,3,theta,theta_out,0,0.9719643331923621,0.9969942037860964,-0.025029870593734294
434,8,4,2,0,theta,theta_out,0,-0.14341647285082393,0.2584391384993386,-0.4018556113501625
435,8,4,2,0,theta,theta_out,1,-0.33152631906051855,-0.2916225868861756,-0.039903732174342954
432,8,4,2,1,theta,theta_out,0,-0.018208373532573097,-0.13612158227995289,0.11791320874737979
433,8,4,2,1,theta,theta_out,1,-0.3310889452231342,-0.5895965963775023,0.2585076511543681
430,8,4,2,2,theta,theta_out,0,0.6238607402579887,-0.51080317331797,1.1346639135759586
431,8,4,2,2,theta,theta_out,1,0.8467084903051072,-0.4738101759865377,1.3205186662916448
428,8,4,2,3,theta,theta_out,0,0.5279272716828951,-0.5617501377091113,1.0896774093920065
429,8,4,2,3,theta,theta_out,1,0.05752182797132995,-0.4208465946763058,0.47836842264763574
425,8,4,3,0,theta,theta_out,0,0.6865661914659514,-0.4188117722968801,1.1053779637628316
426,8,4,3,0,theta,theta_out,1,0.94588461899523,0.452655052860518,0.493229566134712
427,8,4,3,0,theta,theta_out,2,0.7446872380438452,-0.4899193985559131,1.2346066365997583
422,8,4,3,1,theta,theta_out,0,0.4272781237425453,0.4492000333380321,-0.021921909595486788
423,8,4,3,1,theta,theta_out,1,0.04106530926021584,0.04856840721142197,-0.007503097951206128
424,8,4,3,1,theta,theta_out,2,0.4556582728538818,0.453379577494817,0.002278695359064775
419,8,4,3,2,theta,theta_out,0,-0.4966512736932118,-0.4606502806718697,-0.03600099302134213
420,8,4,3,2,theta,theta_out,1,-0.17844553653943857,-0.18481342892608332,0.006367892386644758
421,8,4,3,2,theta,theta_out,2,0.27855098613776835,0.27578474122989877,0.002766244907869586
416,8,4,3,3,theta,theta_out,0,0.05168064908530129,-0.5706049785378982,0.6222856276231994
417,8,4,3,3,theta,theta_out,1,0.5557234812314185,0.16246528484441217,0.3932581963870063
418,8,4,3,3,theta,theta_out,2,-0.24266578156721771,-0.3603840128605519,0.11771823129333417
412,8,4,4,0,theta,theta_out,0,0.3750820975096521,0.3741016249951099,0.0009804725145421966
413,8,4,4,0,theta,theta_out,1,0.26126385341886094,0.24944959197828878,0.011814261440572155
414,8,4,4,0,theta,theta_out,2,-0.2790503926417608,-0.2808631999536796,0.001812807311918796
415,8,4,4,0,theta,theta_out,3,-0.09699765641138795,-0.09243511648104007,-0.004562539930347886
408,8,4,4,1,theta,theta_out,0,0.2147216742374236,-0.24454207643197365,0.4592637506693973
409,8,4,4,1,theta,theta_out,1,-0.17091076124234827,0.7526796163825895,-0.9235903776249378
410,8,4,4,1,theta,theta_out,2,0.33498917905905046,0.005066328446807605,0.32992285061224286
411,8,4,4,1,theta,theta_out,3,0.17996453543670016,0.19081332410864105,-0.01084878867194089
404,8,4,4,2,theta,theta_out,0,-0.32404266449538255,-0.5859208337919898,0.26187816929660723
405,8,4,4,2,theta,theta_out,1,0.5775808271193131,-0.12837381532991707,0.7059546424492302
406,8,4,4,2,theta,theta_out,2,-0.5686127658885748,-0.19731404769565056,-0.37129871819292426
407,8,4,4,2,theta,theta_out,3,0.08392101296429827,0.6541780286978273,-0.5702570157335289
400,8,4,4,3,theta,theta_out,0,0.1588859390040044,0.31149242234630053,-0.15260648334229612
401,8,4,4,3,theta,theta_out,1,0.21316520577581913,0.3792297967505706,-0.16606459097475149
402,8,4,4,3,theta,theta_out,2,0.3380757091021061,0.2840389440768146,0.05403676502529148
403,8,4,4,3,theta,theta_out,3,0.3303027455702937,0.36243547396347164,-0.032132728393177934
399,12,0,1,0,theta,theta_out,0,-0.42982762405367186,-0.4321132127108705,0.002285588657198634
398,12,0,1,1,theta,theta_out,0,0.05731453667138986,0.05803334426588367,-0.0007188075944938102
397,12,0,1,2,theta,theta_out,0,0.5890582009635564,0.5851616459373349,0.0038965550262215487
396,12,0,1,3,theta,theta_out,0,0.9846365157427459,0.9852085300925129,-0.0005720143497669472
394,12,0,2,0,theta,theta_out,0,0.17442334063853476,0.1747754974258443,-0.00035215678730954325
395,12,0,2,0,theta,theta_out,1,-0.3104076207914475,-0.30979051268041835,-0.0006171081110291632
392,12,0,2,1,theta,theta_out,0,-0.03166795819713575,-0.025725722548551152,-0.005942235648584596
393,12,0,2,1,theta,theta_out,1,-0.4101387729831681,-0.4088038612802969,-0.0013349117028711999
390,12,0,2,2,theta,theta_out,0,0.39548109347542526,0.39441349229969064,0.0010676011757346227
391,12,0,2,2,theta,theta_out,1,0.8611760167548964,0.8650140729540343,-0.003838056199137907
388,12,0,2,3,theta,theta_out,0,0.5377552900049005,0.5363023737236202,0.0014529162812803031
389,12,0,2,3,theta,theta_out,1,0.20936683439768108,0.21381952888257832,-0.0044526944848972405
385,12,0,3,0,theta,theta_out,0,0.0023645604853090307,0.0008564100009351746,0.0015081504843738561
386,12,0,3,0,theta,theta_out,1,-0.0752947531564283,-0.07740026413781913,0.0021055109813908207
387,12,0,3,0,theta,theta_out,2,0.06789812838342789,0.0766283923426644,-0.008730263959236512
382,12,0,3,1,theta,theta_out,0,-0.35867382045045415,-0.3665921434596623,0.00791832300920814
383,12,0,3,1,theta,theta_out,1,-0.10709290584629522,-0.10350495382703763,-0.003587952019257587
384,12,0,3,1,theta,theta_out,2,-0.4806237215655611,-0.4795645931852736,-0.0010591283802874885
379,12,0,3,2,theta,theta_out,0,-0.9692602892524933,-0.9665531377113139,-0.002707151541179398
380,12,0,3,2,theta,theta_out,1,0.9904686419666675,0.9875836660709717,0.002884975895695807
381,12,0,3,2,theta,theta_out,2,-0.16798455222740863,-0.1659497052644737,-0.002034846962934933
376,12,0,3,3,theta,theta_out,0,-0.06085064769051807,-0.06635447175721783,0.005503824066699761
377,12,0,3,3,theta,theta_out,1,-0.38879375092773816,-0.38719485730687164,-0.001598893620866515
378,12,0,3,3,theta,theta_out,2,-0.0847910290389295,-0.08508103780418537,0.00029000876525586694
372,12,0,4,0,theta,theta_out,0,-0.7627206823851005,-0.7634067205621011,0.0006860381770006363
373,12,0,4,0,theta,theta_out,1,0.1584596603655577,0.1570924524787123,0.001367207886845384
374,12,0,4,0,theta,theta_out,2,0.5845688437914889,0.5835916939213183,0.0009771498701706127
375,12,0,4,0,theta,theta_out,3,-0.3056838142436478,-0.3058109140761931,0.00012709983254527435
368,12,0,4,1,theta,theta_out,0,0.026330810588002768,0.027532624684383986,-0.001201814096381218
369,12,0,4,1,theta,theta_out,1,0.7493218281495257,0.7473195247599174,0.002002303389608384
370,12,0,4,1,theta,theta_out,2,0.18557215112138462,0.1836198113685616,0.0019523397528230235
371,12,0,4,1,theta,theta_out,3,-0.09355703654476262,-0.09561993063073286,0.0020628940859702405
364,12,0,4,2,theta,theta_out,0,-0.6176306243665506,-0.6216044860595059,0.003973861692955327
365,12,0,4,2,theta,theta_out,1,0.46841408889771713,0.46732176125014485,0.0010923276475722776
366,12,0,4,2,theta,theta_out,2,-0.1990465453176974,-0.20144631615671177,0.0023997708390143813
367,12,0,4,2,theta,theta_out,3,-0.08368368428979257,-0.08407335313261309,0.0003896688428205175
360,12,0,4,3,theta,theta_out,0,0.6372113355845257,0.6386850568555046,-0.0014737212709788894
361,12,0,4,3,theta,theta_out,1,0.8826733240599112,0.8832347511192177,-0.0005614270593065074
362,12,0,4,3,theta,theta_out,2,0.4439230466883091,0.44768736164986306,-0.0037643149615539384
363,12,0,4,3,theta,theta_out,3,0.4306784748626107,0.4312008944361831,-0.000522419573572408
359,12,1,1,0,theta,theta_out,0,0.4601595998757761,0.4649667844531787,-0.00480718457740259
358,12,1,1,1,theta,theta_out,0,0.41623168256010834,-0.19457904722476096,0.6108107297848693
357,12,1,1,2,theta,theta_out,0,-0.5357158652576026,-0.5426540863277218,0.00693822107011921
356,12,1,1,3,theta,theta_out,0,0.5015088343030861,0.496648360338575,0.004860473964511114
354,12,1,2,0,theta,theta_out,0,0.24738509493213245,0.2513118004789481,-0.003926705546815623
355,12,1,2,0,theta,theta_out,1,-0.2256739461951206,-0.2272570615930588,0.0015831153979382062
352,12,1,2,1,theta,theta_out,0,0.5841551001931573,0.5789444376467684,0.005210662546388911
353,12,1,2,1,theta,theta_out,1,0.08172990260955479,0.08119379224233016,0.000536110367224632
350,12,1,2,2,theta,theta_out,0,0.33447899429709355,-1.0997502129159862,1.4342292072130798
351,12,1,2,2,theta,theta_out,1,-0.1756718155140493,0.16861944104438165,-0.34429125655843096
348,12,1,2,3,theta,theta_out,0,-0.6448378151117344,-0.6531770850288199,0.008339269917085446
349,12,1,2,3,theta,theta_out,1,0.08421544634186622,0.08115847750219712,0.0030569688396690914
345,12,1,3,0,theta,theta_out,0,0.012822517925702714,0.1512874239098046,-0.13846490598410188
346,12,1,3,0,theta,theta_out,1,0.1235179229460164,0.33593036621908495,-0.21241244327306855
347,12,1,3,0,theta,theta_out,2,-0.09130125390172264,0.042606470550178834,-0.13390772445190147
342,12,1,3,1,theta,theta_out,0,-0.3765226439784024,-0.32451245007643403,-0.05201019390196837
343,12,1,3,1,theta,theta_out,1,-0.394277105299894,-0.38123223808231127,-0.013044867217582745
344,12,1,3,1,theta,theta_out,2,0.7375043638186892,0.43611526283301555,0.3013891009856737
339,12,1,3,2,theta,theta_out,0,0.11064290953044813,0.11529705922720294,-0.004654149696754817
340,12,1,3,2,theta,theta_out,1,0.37138054355266026,0.37408771168305294,-0.0027071681303926787
341,12,1,3,2,theta,theta_out,2,0.034553715970091305,0.03945407998230489,-0.004900364012213589
336,12,1,3,3,theta,theta_out,0,-0.5565906260811033,-0.5468054176368143,-0.009785208444288984
337,12,1,3,3,theta,theta_out,1,-0.20888272969768168,-0.1625616313139276,-0.04632109838375409
338,12,1,3,3,theta,theta_out,2,-0.03930801137651026,-0.06709640678975315,0.027788395413242892
332,12,1,4,0,theta,theta_out,0,-0.5036223305383032,-0.46010470660756964,-0.04351762393073355
333,12,1,4,0,theta,theta_out,1,-0.04828807653377709,-0.07132790250725314,0.02303982597347605
334,12,1,4,0,theta,theta_out,2,-0.4802920128035638,-0.46645505323040826,-0.01383695957315556
335,12,1,4,0,theta,theta_out,3,0.4360507970529243,0.4083245024868502,0.027726294566074117
328,12,1,4,1,theta,theta_out,0,-0.5510557181931459,-0.5551008107062144,0.0040450925130685045
329,12,1,4,1,theta,theta_out,1,0.6125184905323113,0.6187791971982756,-0.006260706665964233
330,12,1,4,1,theta,theta_out,2,-0.06526796400330664,-0.06756871846874213,0.002300754465435484
331,12,1,4,1,theta,theta_out,3,-0.04451074168590043,-0.03886153766262618,-0.0056492040232742555
324,12,1,4,2,theta,theta_out,0,0.7548153260042431,0.2802902586052186,0.47452506739902445
325,12,1,4,2,theta,theta_out,1,-0.4071873243779926,-0.3762107101817281,-0.030976614196264518
326,12,1,4,2,theta,theta_out,2,-0.14990268169005924,0.09375368901827033,-0.24365637070832957
327,12,1,4,2,theta,theta_out,3,0.120976068145969,-0.01949939717007651,0.14047546531604552
320,12,1,4,3,theta,theta_out,0,-0.6344674652042246,-0.6232409773684744,-0.011226487835750198
321,12,1,4,3,theta,theta_out,1,0.8690777597330238,0.8616086854621662,0.007469074270857634
322,12,1,4,3,theta,theta_out,2,-0.2617770965157023,-0.24163496076540278,-0.020142135750299522
323,12,1,4,3,theta,theta_out,3,0.09545162766881876,0.08508856582779031,0.010363061841028448
319,12,2,1,0,theta,theta_out,0,0.05194945565432463,0.112421064243031,-0.06047160858870637
318,12,2,1,1,theta,theta_out,0,-0.5247726511143561,-0.5216842254495581,-0.0030884256647980557
317,12,2,1,2,theta,theta_out,0,0.8023539643207025,0.7936766019739104,0.008677362346792061
316,12,2,1,3,theta,theta_out,0,0.4421928068376459,0.20570625876269677,0.23648654807494912
314,12,2,2,0,theta,theta_out,0,1.3960044319903808,0.05682265693022646,1.3391817750601545
315,12,2,2,0,theta,theta_out,1,0.9360586696507878,-0.15391629697522416,1.089974966626012
312,12,2,2,1,theta,theta_out,0,-0.4290758849175487,-1.1675660006223787,0.73849011570483
313,12,2,2,1,theta,theta_out,1,0.15612813889567997,0.4764654591007726,-0.32033732020509265
310,12,2,2,2,theta,theta_out,0,0.5927027080132542,-0.18239379944110484,0.775096507454359
311,12,2,2,2,theta,theta_out,1,-0.05609206146948925,-0.4728446096380919,0.41675254816860263
308,12,2,2,3,theta,theta_out,0,-0.2830748947554276,-0.2788834099374374,-0.004191484817990199
309,12,2,2,3,theta,theta_out,1,-0.5903080735566573,-0.5996154418215579,0.00930736826490064
305,12,2,3,0,theta,theta_out,0,0.20095339586160732,0.20021841461253398,0.000734981249073341
306,12,2,3,0,theta,theta_out,1,-0.2948459870437869,-0.2962154624513394,0.0013694754075525006
307,12,2,3,0,theta,theta_out,2,0.3137130759696272,0.3116793982829959,0.002033677686631319
302,12,2,3,1,theta,theta_out,0,0.34354839815508986,0.24158390510071814,0.10196449305437172
303,12,2,3,1,theta,theta_out,1,0.36058480166826135,0.2504610410353304,0.11012376063293094
304,12,2,3,1,theta,theta_out,2,-0.6332489817280403,-0.7080958905138824,0.0748469087858421
299,12,2,3,2,theta,theta_out,0,0.6408586746591343,0.6487704758164962,-0.007911801157361897
300,12,2,3,2,theta,theta_out,1,-0.42239105489624906,-0.42428611131993377,0.0018950564236847045
301,12,2,3,2,theta,theta_out,2,-0.5742220298016459,-0.5765488149753155,0.0023267851736695766
296,12,2,3,3,theta,theta_out,0,0.3476344627172867,-0.02129709103987592,0.36893155375716263
297,12,2,3,3,theta,theta_out,1,0.24366971559757278,0.4168437958730629,-0.17317408027549014
298,12,2,3,3,theta,theta_out,2,0.7359377451777911,0.418248376719098,0.3176893684586931
292,12,2,4,0,theta,theta_out,0,0.5772128517636366,0.5821530460385785,-0.004940194274941967
293,12,2,4,0,theta,theta_out,1,0.33264140026909267,0.337405099653646,-0.004763699384553344
294,12,2,4,0,theta,theta_out,2,0.058306188997219274,0.05956009541743911,-0.0012539064202198372
295,12,2,4,0,theta,theta_out,3,-0.22989822652718434,-0.2287148465054822,-0.001183380021702124
288,12,2,4,1,theta,theta_out,0,0.27126736468928014,0.855531221140503,-0.5842638564512228
289,12,2,4,1,theta,theta_out,1,0.15315635917004322,0.542362512232506,-0.38920615306246276
290,12,2,4,1,theta,theta_out,2,-0.16191498081217653,0.5605752784367236,-0.7224902592489002
291,12,2,4,1,theta,theta_out,3,-0.5965468728906255,0.2550963764544606,-0.8516432493450861
284,12,2,4,2,theta,theta_out,0,0.7688821334787339,-0.428890641969066,1.1977727754477998
285,12,2,4,2,theta,theta_out,1,-0.4385907728772407,0.2625266453691033,-0.701117418246344
286,12,2,4,2,theta,theta_out,2,-0.29882283567488793,0.46067274040057554,-0.7594955760754635
287,12,2,4,2,theta,theta_out,3,-0.014159993981215722,-0.34395778103397695,0.32979778705276125
280,12,2,4,3,theta,theta_out,0,-0.3880720242709752,-0.3809949934348512,-0.0070770308361239875
281,12,2,4,3,theta,theta_out,1,0.28603364980403334,0.2904428085665064,-0.004409158762473053
282,12,2,4,3,theta,theta_out,2,-0.1823826117275652,-0.18577480413780945,0.0033921924102442436
283,12,2,4,3,theta,theta_out,3,0.6583714218516352,0.6605114786849359,-0.002140056833300652
279,12,3,1,0,theta,theta_out,0,-0.7947067320458348,0.9318338925561214,-1.7265406246019561
278,12,3,1,1,theta,theta_out,0,0.3114863925800538,0.306480082749781,0.0050063098302727815
277,12,3,1,2,theta,theta_out,0,-0.6134247750574251,-0.5789644363731924,-0.034460338684232705
276,12,3,1,3,theta,theta_out,0,0.8774756298733822,-0.9922688485540291,1.8697444784274113
274,12,3,2,0,theta,theta_out,0,-0.4219180257870228,-0.41536138008029444,-0.00655664570672837
275,12,3,2,0,theta,theta_out,1,-0.03275828304645249,-0.03976867524386474,0.0070103921974122504
272,12,3,2,1,theta,theta_out,0,-0.2324088290959323,0.3218067199641522,-0.5542155490600845
273,12,3,2,1,theta,theta_out,1,-0.3020946523535304,0.8296383689655433,-1.1317330213190737
270,12,3,2,2,theta,theta_out,0,0.581921143293486,-0.16094464571812725,0.7428657890116133
271,12,3,2,2,theta,theta_out,1,0.9599899638345986,-0.6256913131051122,1.5856812769397108
268,12,3,2,3,theta,theta_out,0,0.6365153508934147,0.6318394981455921,0.004675852747822562
269,12,3,2,3,theta,theta_out,1,-0.18220120882204296,-0.19513937804482676,0.01293816922278379
265,12,3,3,0,theta,theta_out,0,0.3771836304332439,0.21622418248939643,0.16095944794384745
266,12,3,3,0,theta,theta_out,1,0.09931749981090854,0.155495251301816,-0.05617775149090745
267,12,3,3,0,theta,theta_out,2,-0.38087648926008616,-0.6671411884720461,0.2862646992119599
262,12,3,3,1,theta,theta_out,0,0.21610382762434843,0.6955559795341205,-0.4794521519097721
263,12,3,3,1,theta,theta_out,1,-0.40664068612663506,-0.10948901603528005,-0.297151670091355
264,12,3,3,1,theta,theta_out,2,-0.41657058999079344,-0.5513363321233935,0.13476574213260006
259,12,3,3,2,theta,theta_out,0,0.3880828179811684,0.020162829454686063,0.36791998852648233
260,12,3,3,2,theta,theta_out,1,0.030153896160709404,0.06012421367075216,-0.029970317510042754
261,12,3,3,2,theta,theta_out,2,-0.5986141699086136,0.1784906992155071,-0.7771048691241207
256,12,3,3,3,theta,theta_out,0,0.3266592862180065,-0.7040840947244201,1.0307433809424267
257,12,3,3,3,theta,theta_out,1,0.4489470750652223,-0.11659771514470675,0.5655447902099291
258,12,3,3,3,theta,theta_out,2,-0.5099344370351448,0.5708373298280127,-1.0807717668631576
252,12,3,4,0,theta,theta_out,0,0.442961437261948,0.31749879385874424,0.12546264340320373
253,12,3,4,0,theta,theta_out,1,0.8753048609322746,0.4564049485158074,0.4188999124164672
254,12,3,4,0,theta,theta_out,2,-0.022017849322263267,-0.30659576459112875,0.2845779152688655
255,12,3,4,0,theta,theta_out,3,0.31773143731805953,-0.09184757863528296,0.4095790159533425
248,12,3,4,1,theta,theta_out,0,-0.6302867521211006,-0.7652345913487216,0.134947839227621
249,12,3,4,1,theta,theta_out,1,0.03496597152250308,-0.15997121423370947,0.19493718575621255
250,12,3,4,1,theta,theta_out,2,-0.09442403742814949,0.33349891191620684,-0.4279229493443563
251,12,3,4,1,theta,theta_out,3,-0.22213572094679004,-0.10656260128591022,-0.11557311966087983
244,12,3,4,2,theta,theta_out,0,0.09220387874396696,-0.08039481472949225,0.1725986934734592
245,12,3,4,2,theta,theta_out,1,0.14079665889652848,0.028440095130063056,0.11235656376646543
246,12,3,4,2,theta,theta_out,2,0.4637700006216136,0.39053523486732666,0.07323476575428695
247,12,3,4,2,theta,theta_out,3,0.1384264537256484,-0.21194935442543633,0.3503758081510847
240,12,3,4,3,theta,theta_out,0,-0.8151909892571824,0.16265955328151505,-0.9778505425386974
241,12,3,4,3,theta,theta_out,1,-0.6045897309308398,0.3479954047269674,-0.9525851356578072
242,12,3,4,3,theta,theta_out,2,0.46802102433541437,0.36218712305055933,0.10583390128485504
243,12,3,4,3,theta,theta_out,3,0.11759217522253033,-0.3464637744390764,0.46405594966160674
239,12,4,1,0,theta,theta_out,0,-0.7973285396533297,0.1431304234074887,-0.9404589630608184
238,12,4,1,1,theta,theta_out,0,0.5333854089546972,0.5541245405155111,-0.02073913156081386
237,12,4,1,2,theta,theta_out,0,0.2822051237276221,0.32970643749768225,-0.04750131377006017
236,12,4,1,3,theta,theta_out,0,0.8883900156349875,0.90043627046746,-0.012046254832472458
234,12,4,2,0,theta,theta_out,0,-0.21954937357472615,-0.6939556553089937,0.4744062817342676
235,12,4,2,0,theta,theta_out,1,0.8731673178556204,0.9917411205123098,-0.11857380265668938
232,12,4,2,1,theta,theta_out,0,0.10088066444605726,0.4557004283552959,-0.35481976390923864
233,12,4,2,1,theta,theta_out,1,0.5819814645195657,0.9017869593669284,-0.31980549484736276
230,12,4,2,2,theta,theta_out,0,-0.1602683070451525,0.3094227189976117,-0.4696910260427642
231,12,4,2,2,theta,theta_out,1,-0.6652136820192347,-0.49130911381196485,-0.17390456820726985
228,12,4,2,3,theta,theta_out,0,-0.5216598104506758,-0.6982576019733706,0.17659779152269484
229,12,4,2,3,theta,theta_out,1,-0.03176982170983571,0.592419088835393,-0.6241889105452286
225,12,4,3,0,theta,theta_out,0,-0.653738920461736,1.0046600614918735,-1.6583989819536096
226,12,4,3,0,theta,theta_out,1,0.02563440681808693,0.20769356274409712,-0.18205915592601019
227,12,4,3,0,theta,theta_out,2,0.6069702494408963,0.025020257657832713,0.5819499917830636
222,12,4,3,1,theta,theta_out,0,0.14765538738439699,-0.6465613567228983,0.7942167441072953
223,12,4,3,1,theta,theta_out,1,-0.4393122230103358,-0.6322559126367912,0.19294368962645536
224,12,4,3,1,theta,theta_out,2,-0.5707808942362964,0.6058718714739483,-1.1766527657102448
219,12,4,3,2,theta,theta_out,0,-0.3749080113036454,0.19483794586408204,-0.5697459571677275
220,12,4,3,2,theta,theta_out,1,-0.6958417157202201,0.35235803904248664,-1.0481997547627069
221,12,4,3,2,theta,theta_out,2,0.24291819635785522,-0.07175148612902474,0.31466968248688
216,12,4,3,3,theta,theta_out,0,0.5425403895355474,0.40549627880521233,0.13704411073033507
217,12,4,3,3,theta,theta_out,1,-0.10436030797500728,-0.1474653132676261,0.04310500529261882
218,12,4,3,3,theta,theta_out,2,-0.27829188828811624,-0.23019412440344245,-0.048097763884673794
212,12,4,4,0,theta,theta_out,0,0.23401266302775625,0.10012824762173825,0.133884415406018
213,12,4,4,0,theta,theta_out,1,0.06905338708460629,0.4288674103648378,-0.3598140232802315
214,12,4,4,0,theta,theta_out,2,-0.5381398793122822,0.08695536523097341,-0.6250952445432556
215,12,4,4,0,theta,theta_out,3,-0.27898418660671026,-0.19298355040100676,-0.0860006362057035
208,12,4,4,1,theta,theta_out,0,0.25226572598302943,0.21964383814906308,0.032621887833966356
209,12,4,4,1,theta,theta_out,1,-0.31220468335206797,-0.36406825733887715,0.051863573986809186
210,12,4,4,1,theta,theta_out,2,0.090473740442818,-0.4110290913156305,0.5015028317584485
211,12,4,4,1,theta,theta_out,3,0.056491379517896526,-0.06289711186076907,0.1193884913786656
204,12,4,4,2,theta,theta_out,0,-1.1225013121854757,-0.5845866207969981,-0.5379146913884776
205,12,4,4,2,theta,theta_out,1,-0.6551369993761849,0.041303766287079866,-0.6964407656632647
206,12,4,4,2,theta,theta_out,2,1.0552868955611658,0.5482504427114405,0.5070364528497253
207,12,4,4,2,theta,theta_out,3,-0.25605469901744893,-0.2939200840490944,0.03786538503164549
200,12,4,4,3,theta,theta_out,0,-0.404790352858469,0.27176711739194015,-0.6765574702504091
201,12,4,4,3,theta,theta_out,1,-0.4670714643135001,-0.35027487813322494,-0.11679658618027516
202,12,4,4,3,theta,theta_out,2,-0.004361254216112723,-0.0687296806271987,0.06436842641108598
203,12,4,4,3,theta,theta_out,3,-0.03760253308653245,-0.1525373915369776,0.11493485845044515
199,15,0,1,0,theta,theta_out,0,-0.6430578673056029,-0.6442058716590852,0.0011480043534822792
198,15,0,1,1,theta,theta_out,0,-0.534538726954754,-0.5374758199930463,0.00293709303829226
197,15,0,1,2,theta,theta_out,0,0.13336750879998355,0.12945391479748333,0.003913594002500215
196,15,0,1,3,theta,theta_out,0,0.6691970788824112,0.6731314386796675,-0.003934359797256315
194,15,0,2,0,theta,theta_out,0,0.6136462866397009,0.6153958234801535,-0.001749536840452648
195,15,0,2,0,theta,theta_out,1,0.3410440716100531,0.33777162817959705,0.0032724434304560734
192,15,0,2,1,theta,theta_out,0,0.9272677927363181,0.9267491263812032,0.0005186663551148829
193,15,0,2,1,theta,theta_out,1,0.12783644189814253,0.12475115131537126,0.0030852905827712662
190,15,0,2,2,theta,theta_out,0,0.026974775537115248,0.02525501450648471,0.0017197610306305365
191,15,0,2,2,theta,theta_out,1,-0.6438578135587878,-0.6421232968168004,-0.0017345167419874352
188,15,0,2,3,theta,theta_out,0,-0.4906637772901342,-0.4889859120914104,-0.0016778651987238158
189,15,0,2,3,theta,theta_out,1,0.35666408948700845,0.3575121653474873,-0.0008480758604788585
185,15,0,3,0,theta,theta_out,0,-0.37821753560204674,-0.37447011203650454,-0.003747423565542196
186,15,0,3,0,theta,theta_out,1,-0.03331581206827716,-0.033425028662981,0.00010921659470383704
187,15,0,3,0,theta,theta_out,2,0.6631329184774991,0.6638511260347961,-0.0007182075572970126
182,15,0,3,1,theta,theta_out,0,-1.3414003618550168,-1.5306318104778414,0.1892314486228246
183,15,0,3,1,theta,theta_out,1,0.31633747352159836,0.645737939788733,-0.3294004662671346
184,15,0,3,1,theta,theta_out,2,0.36369227470111476,0.17625738726855464,0.18743488743256012
179,15,0,3,2,theta,theta_out,0,-1.0060611779365807,-1.0070518106361086,0.0009906326995279269
180,15,0,3,2,theta,theta_out,1,0.5716742429130789,0.5740572893744748,-0.0023830464613958657
181,15,0,3,2,theta,theta_out,2,0.14732724981784992,0.1465618795118654,0.0007653703059845307
176,15,0,3,3,theta,theta_out,0,0.6451481860425757,0.6454232064047757,-0.0002750203621999514
177,15,0,3,3,theta,theta_out,1,-0.5720268961079968,-0.577114483225754,0.005087587117757142
178,15,0,3,3,theta,theta_out,2,-0.3446266141014866,-0.34808383120992764,0.0034572171084410463
172,15,0,4,0,theta,theta_out,0,0.1116806107868491,0.10872542989650394,0.0029551808903451604
173,15,0,4,0,theta,theta_out,1,0.23634375872292368,0.231851855944117,0.004491902778806678
174,15,0,4,0,theta,theta_out,2,-0.11106457999776562,-0.11683182047033433,0.005767240472568713
175,15,0,4,0,theta,theta_out,3,-0.1471877233432129,-0.14899793985146229,0.0018102165082493904
168,15,0,4,1,theta,theta_out,0,0.5003877573252997,0.49788649452702466,0.0025012627982750613
169,15,0,4,1,theta,theta_out,1,0.038115390766967454,0.03763114892830866,0.00048424183865879156
170,15,0,4,1,theta,theta_out,2,0.3006991933894691,0.29871680512332915,0.001982388266139945
171,15,0,4,1,theta,theta_out,3,0.7931360382927483,0.7950073123496522,-0.0018712740569039044
164,15,0,4,2,theta,theta_out,0,-1.168113543785071,-0.9491898054852598,-0.21892373829981115
165,15,0,4,2,theta,theta_out,1,0.3405464468840028,0.121966888363076,0.2185795585209268
166,15,0,4,2,theta,theta_out,2,-0.5082618091711226,-0.5064353756431249,-0.0018264335279977173
167,15,0,4,2,theta,theta_out,3,0.5823379411778292,0.5986153531587534,-0.01627741198092414
160,15,0,4,3,theta,theta_out,0,0.16582292796187315,0.025418312347301103,0.14040461561457204
161,15,0,4,3,theta,theta_out,1,-0.5503179859397189,-0.5663550597219722,0.016037073782253275
162,15,0,4,3,theta,theta_out,2,-0.4400304309937929,-0.24778183980304072,-0.1922485911907522
163,15,0,4,3,theta,theta_out,3,-0.14793962684971942,-0.16890004648227128,0.020960419632551852
159,15,1,1,0,theta,theta_out,0,0.40644192377722915,0.40601400389634257,0.0004279198808865847
158,15,1,1,1,theta,theta_out,0,-0.16586478104737895,0.04171062023426414,-0.2075754012816431
157,15,1,1,2,theta,theta_out,0,0.7723606821512528,0.14323129132602044,0.6291293908252323
156,15,1,1,3,theta,theta_out,0,-0.8463686955144303,-0.4470255872362475,-0.39934310827818276
154,15,1,2,0,theta,theta_out,0,-0.35969061972806415,-0.4810451852805904,0.12135456555252627
155,15,1,2,0,theta,theta_out,1,-0.2187139097533227,-0.1115798628302615,-0.1071340469230612
152,15,1,2,1,theta,theta_out,0,0.09551154373412851,0.13415532624973636,-0.03864378251560785
153,15,1,2,1,theta,theta_out,1,-0.5483422795669908,-0.5116025166687477,-0.0367397628982431
150,15,1,2,2,theta,theta_out,0,0.44928865669691354,0.45554175479502784,-0.006253098098114307
151,15,1,2,2,theta,theta_out,1,-0.4613186005655932,-0.45532954743347775,-0.005989053132115452
148,15,1,2,3,theta,theta_out,0,-0.6210393411162226,-0.6257057286660905,0.004666387549867923
149,15,1,2,3,theta,theta_out,1,0.7252264723828803,0.7212543320663954,0.003972140316484851
145,15,1,3,0,theta,theta_out,0,-0.7909472104013153,-0.7781930761548334,-0.012754134246481974
146,15,1,3,0,theta,theta_out,1,-0.4774651384004911,-0.4927115993403093,0.015246460939818185
147,15,1,3,0,theta,theta_out,2,0.27886942362646006,0.28642055148211365,-0.007551127855653594
142,15,1,3,1,theta,theta_out,0,0.13580161936460589,0.13089359236303783,0.0049080270015680605
143,15,1,3,1,theta,theta_out,1,-0.12215069045935056,-0.12414430244089295,0.0019936119815423814
144,15,1,3,1,theta,theta_out,2,0.660000697343902,0.6595147195912946,0.0004859777526073916
139,15,1,3,2,theta,theta_out,0,-0.0019272470409683606,-0.9309628414745693,0.929035594433601
140,15,1,3,2,theta,theta_out,1,-0.5963513136640913,-0.21118584854236833,-0.385165465121723
141,15,1,3,2,theta,theta_out,2,-0.007200172438214053,0.3753568350448377,-0.38255700748305177
136,15,1,3,3,theta,theta_out,0,-0.15483840710253127,-0.15808202830272694,0.0032436212001956677
137,15,1,3,3,theta,theta_out,1,0.7931443109344699,0.7942935057759992,-0.0011491948415293107
138,15,1,3,3,theta,theta_out,2,-0.45564354881364527,-0.457940665559144,0.0022971167454987063
132,15,1,4,0,theta,theta_out,0,-0.33870050366505844,-0.34334537820377997,0.004644874538721533
133,15,1,4,0,theta,theta_out,1,0.10109065800643147,0.09990071283688871,0.0011899451695427526
134,15,1,4,0,theta,theta_out,2,-0.41833445873339603,-0.4159318361256997,-0.002402622607696303
135,15,1,4,0,theta,theta_out,3,0.15741494885487417,0.15699213483119115,0.00042281402368302134
128,15,1,4,1,theta,theta_out,0,0.2229867298660106,0.22401685998856297,-0.0010301301225523751
129,15,1,4,1,theta,theta_out,1,0.04560218116757042,0.05203630768112439,-0.0064341265135539685
130,15,1,4,1,theta,theta_out,2,-0.05775507803784952,-0.0565201390261135,-0.0012349390117360193
131,15,1,4,1,theta,theta_out,3,-0.10978407000529676,-0.11215124137088471,0.00236717136558795
124,15,1,4,2,theta,theta_out,0,0.6794113555205136,0.687244574912968,-0.007833219392454405
125,15,1,4,2,theta,theta_out,1,0.021771018843611767,0.021617222136866576,0.00015379670674519133
126,15,1,4,2,theta,theta_out,2,-0.7018806885229864,-0.7047469136661806,0.0028662251431942343
127,15,1,4,2,theta,theta_out,3,-0.5928494646605129,-0.5970189617916587,0.004169497131145783
120,15,1,4,3,theta,theta_out,0,-0.219769180394488,-0.2192910757823833,-0.00047810461210470723
121,15,1,4,3,theta,theta_out,1,0.20842188910259812,0.20276527913337572,0.005656609969222404
122,15,1,4,3,theta,theta_out,2,-0.34170451848088407,-0.3404602286368381,-0.0012442898440459538
123,15,1,4,3,theta,theta_out,3,0.12970081399468425,0.1282483660411587,0.0014524479535255597
119,15,2,1,0,theta,theta_out,0,-0.31510815674470855,0.05847601963800051,-0.3735841763827091
118,15,2,1,1,theta,theta_out,0,0.6329568964309874,0.6314252667049055,0.0015316297260818956
117,15,2,1,2,theta,theta_out,0,-0.6511650880466288,-0.3359051237723914,-0.31525996427423736
116,15,2,1,3,theta,theta_out,0,0.5592742582591435,0.5211643417272761,0.03810991653186735
114,15,2,2,0,theta,theta_out,0,0.16870621691683396,0.16916687418929685,-0.0004606572724628888
115,15,2,2,0,theta,theta_out,1,0.5653090352345901,0.5674515781440066,-0.0021425429094165116
112,15,2,2,1,theta,theta_out,0,0.333226638370145,0.33282868883587435,0.0003979495342706363
113,15,2,2,1,theta,theta_out,1,-0.28129556069912914,-0.28214873382229994,0.0008531731231707917
110,15,2,2,2,theta,theta_out,0,-0.9560274550569164,-0.2833849516880005,-0.672642503368916
111,15,2,2,2,theta,theta_out,1,0.038237195270355115,-0.3567613066036548,0.3949985018740099
108,15,2,2,3,theta,theta_out,0,-0.04454328761774987,-0.04769467827540043,0.003151390657650556
109,15,2,2,3,theta,theta_out,1,0.14754140594762447,0.1493259915431969,-0.00178458559557243
105,15,2,3,0,theta,theta_out,0,-0.0916049280823985,-0.08243996155342767,-0.009164966528970836
106,15,2,3,0,theta,theta_out,1,-0.3846918620201044,-0.3624669133509192,-0.02222494866918523
107,15,2,3,0,theta,theta_out,2,0.36134630081657665,0.3501079539215423,0.011238346895034335
102,15,2,3,1,theta,theta_out,0,-0.33022820238877376,-0.3435463746055147,0.01331817221674092
103,15,2,3,1,theta,theta_out,1,-0.3722403087036757,-0.36939802946277484,-0.002842279240900858
104,15,2,3,1,theta,theta_out,2,0.061630306051623195,0.06623572724423848,-0.00460542119261529
99,15,2,3,2,theta,theta_out,0,0.7705771455281122,-0.24460325615919007,1.0151804016873023
100,15,2,3,2,theta,theta_out,1,-0.23364748122732215,-0.47507468424011645,0.2414272030127943
101,15,2,3,2,theta,theta_out,2,-0.7331315485275233,-0.16959823683290723,-0.5635333116946161
96,15,2,3,3,theta,theta_out,0,0.9224306644532696,0.3684266723496441,0.5540039921036255
97,15,2,3,3,theta,theta_out,1,0.5175650734418323,0.08411330208109498,0.43345177136073737
98,15,2,3,3,theta,theta_out,2,0.526374985298675,0.16751882129981469,0.35885616399886033
92,15,2,4,0,theta,theta_out,0,0.18001943551968225,0.14908737034312472,0.030932065176557527
93,15,2,4,0,theta,theta_out,1,0.11029695198588563,-0.15726010985544406,0.26755706184132966
94,15,2,4,0,theta,theta_out,2,0.44049367302112324,0.38822917951956737,0.052264493501555875
95,15,2,4,0,theta,theta_out,3,-0.28138970996881424,0.10815991783962425,-0.3895496278084385
88,15,2,4,1,theta,theta_out,0,-0.09817047726697403,0.5948757161383147,-0.6930461934052887
89,15,2,4,1,theta,theta_out,1,-0.40030310940515257,0.026864208367196163,-0.42716731777234873
90,15,2,4,1,theta,theta_out,2,0.17819586343829094,-0.5956367681712232,0.7738326316095142
91,15,2,4,1,theta,theta_out,3,0.0644521038174956,-0.8009757076979291,0.8654278115154247
84,15,2,4,2,theta,theta_out,0,-0.7931470703403354,-0.3429633962499799,-0.4501836740903555
85,15,2,4,2,theta,theta_out,1,-0.1760582382202298,-0.05414414920028832,-0.1219140890199415
86,15,2,4,2,theta,theta_out,2,-0.2877329699628055,-0.4884451506984371,0.20071218073563157
87,15,2,4,2,theta,theta_out,3,0.33630563514715484,0.2504675132613804,0.08583812188577444
80,15,2,4,3,theta,theta_out,0,-0.31517912452482116,-0.5283564306058902,0.21317730608106905
81,15,2,4,3,theta,theta_out,1,0.10765519717446304,0.25719295080065585,-0.14953775362619282
82,15,2,4,3,theta,theta_out,2,-0.5174015908256576,-0.4262796267871254,-0.09112196403853223
83,15,2,4,3,theta,theta_out,3,-0.12323642433001976,0.14840910238215343,-0.2716455267121732
79,15,3,1,0,theta,theta_out,0,-0.8511907102188144,-0.2684809459108948,-0.5827097643079197
78,15,3,1,1,theta,theta_out,0,-0.6050464124841477,-0.005629568219895164,-0.5994168442642526
77,15,3,1,2,theta,theta_out,0,0.5347679888928942,0.7850864896625653,-0.2503185007696711
76,15,3,1,3,theta,theta_out,0,-0.42995841961508746,-0.47198501605953974,0.04202659644445228
74,15,3,2,0,theta,theta_out,0,0.041433576192943744,0.04040553518443889,0.001028041008504857
75,15,3,2,0,theta,theta_out,1,-0.5078293847628027,-0.5293006894826909,0.02147130471988823
72,15,3,2,1,theta,theta_out,0,0.6459882790786013,0.5200444325422545,0.12594384653634683
73,15,3,2,1,theta,theta_out,1,-0.18728609039122038,0.546372959840679,-0.7336590502318994
70,15,3,2,2,theta,theta_out,0,-0.5858864312417065,-0.275264776115626,-0.3106216551260805
71,15,3,2,2,theta,theta_out,1,0.1915674085124413,-0.5654038258427926,0.756971234355234
68,15,3,2,3,theta,theta_out,0,-0.6279904186197157,-0.5517490204640159,-0.07624139815569986
69,15,3,2,3,theta,theta_out,1,0.06473328050035144,-0.017928227076180078,0.08266150757653153
65,15,3,3,0,theta,theta_out,0,-1.0109340473156687,0.1949607015332596,-1.2058947488489282
66,15,3,3,0,theta,theta_out,1,0.38427846061844684,-0.42335106120987287,0.8076295218283197
67,15,3,3,0,theta,theta_out,2,0.3084409103056887,-0.4535842480741958,0.7620251583798845
62,15,3,3,1,theta,theta_out,0,-0.5322920121139104,0.21079567243193953,-0.74308768454585
63,15,3,3,1,theta,theta_out,1,-0.7008037180046903,0.11216727312124795,-0.8129709911259383
64,15,3,3,1,theta,theta_out,2,0.648570930660973,0.6330802657992782,0.015490664861694814
59,15,3,3,2,theta,theta_out,0,-0.05493134847660862,-0.5034941359889044,0.4485627875122957
60,15,3,3,2,theta,theta_out,1,0.4980176548058864,0.6023835713182236,-0.10436591651233723
61,15,3,3,2,theta,theta_out,2,0.13366570119244858,-0.19757782977948732,0.33124353097193593
56,15,3,3,3,theta,theta_out,0,-0.12531968091425566,0.6071907735317843,-0.7325104544460399
57,15,3,3,3,theta,theta_out,1,0.36868805690741097,0.5530972106801747,-0.18440915377276373
58,15,3,3,3,theta,theta_out,2,-0.03210458180827671,0.6978110813862936,-0.7299156631945702
52,15,3,4,0,theta,theta_out,0,0.3997561398027675,-0.2121097094202377,0.6118658492230051
53,15,3,4,0,theta,theta_out,1,0.08633853610754273,0.06490209989897253,0.021436436208570206
54,15,3,4,0,theta,theta_out,2,-0.41645566473537265,0.30621510088237136,-0.722670765617744
55,15,3,4,0,theta,theta_out,3,-0.10311514588756887,-0.4361776088396265,0.3330624629520576
48,15,3,4,1,theta,theta_out,0,0.1500562845099075,0.4999735394192953,-0.3499172549093878
49,15,3,4,1,theta,theta_out,1,-0.43335331927970616,-0.09319476824017571,-0.34015855103953047
50,15,3,4,1,theta,theta_out,2,0.151139794682633,-0.10682953088318405,0.25796932556581703
51,15,3,4,1,theta,theta_out,3,-0.04305636312819672,-0.048597681043093914,0.005541317914897197
44,15,3,4,2,theta,theta_out,0,-0.5777438198000049,0.3030107619127817,-0.8807545817127866
45,15,3,4,2,theta,theta_out,1,0.3053781796997903,-0.04898519215648136,0.35436337185627165
46,15,3,4,2,theta,theta_out,2,-0.17459809164404164,0.025206908071571325,-0.19980499971561297
47,15,3,4,2,theta,theta_out,3,-0.18892920580242545,-0.2087896953056001,0.01986048950317465
40,15,3,4,3,theta,theta_out,0,-0.35428530321185797,-0.3349531474404926,-0.019332155771365378
41,15,3,4,3,theta,theta_out,1,-0.14552991982280794,-0.28809709674683387,0.14256717692402593
42,15,3,4,3,theta,theta_out,2,0.3782743112232265,0.3228546811199755,0.055419630103251016
43,15,3,4,3,theta,theta_out,3,-0.40972648234259873,0.08450237684415643,-0.4942288591867552
39,15,4,1,0,theta,theta_out,0,0.7586493199544198,0.7279152855290697,0.030734034425350054
38,15,4,1,1,theta,theta_out,0,0.2818642287610825,-0.7224445692645329,1.0043087980256153
37,15,4,1,2,theta,theta_out,0,-0.6932860258914991,-0.08326383382236709,-0.610022192069132
36,15,4,1,3,theta,theta_out,0,-0.8022461986884081,-0.9968918443800759,0.19464564569166787
34,15,4,2,0,theta,theta_out,0,0.6825321466310046,0.25971113402710894,0.42282101260389565
35,15,4,2,0,theta,theta_out,1,0.17326352530578676,-0.7353439711028517,0.9086074964086384
32,15,4,2,1,theta,theta_out,0,0.5171934386244332,-0.1727598449580175,0.6899532835824507
33,15,4,2,1,theta,theta_out,1,0.3104067803782742,0.766604589183152,-0.4561978088048778
30,15,4,2,2,theta,theta_out,0,-0.9826564697259426,0.12590133927426944,-1.108557809000212
31,15,4,2,2,theta,theta_out,1,0.8441510320097996,-0.774069099783846,1.6182201317936455
28,15,4,2,3,theta,theta_out,0,0.05541502505584184,1.551121842708284,-1.4957068176524422
29,15,4,2,3,theta,theta_out,1,-0.5229112837761172,0.8283807567943265,-1.3512920405704438
25,15,4,3,0,theta,theta_out,0,-0.3389759260834099,-0.08146462873670292,-0.25751129734670697
26,15,4,3,0,theta,theta_out,1,-0.13137228665975775,-0.573227803622722,0.4418555169629642
27,15,4,3,0,theta,theta_out,2,0.40854314873913544,0.26250452514744593,0.1460386235916895
22,15,4,3,1,theta,theta_out,0,-0.0631622311078282,-0.6309602148907845,0.5677979837829563
23,15,4,3,1,theta,theta_out,1,0.028465527608179608,0.17282774259779793,-0.14436221498961832
24,15,4,3,1,theta,theta_out,2,-0.17303457151589746,0.6010975304206115,-0.774132101936509
19,15,4,3,2,theta,theta_out,0,-0.02438268339151311,1.1724287206770236,-1.1968114040685367
20,15,4,3,2,theta,theta_out,1,-0.7810332960365585,0.1455464752723723,-0.9265797713089308
21,15,4,3,2,theta,theta_out,2,0.2060420965545991,-0.03013511288727703,0.23617720944187612
16,15,4,3,3,theta,theta_out,0,0.07961543237266577,-0.0951755342154135,0.17479096658807927
17,15,4,3,3,theta,theta_out,1,-0.585530474001644,0.38314108492064464,-0.9686715589222887
18,15,4,3,3,theta,theta_out,2,0.11894919234790982,0.29363471476252256,-0.17468552241461274
12,15,4,4,0,theta,theta_out,0,0.4995764549952917,0.5194656812210772,-0.019889226225785483
13,15,4,4,0,theta,theta_out,1,-0.5159499761070823,-0.007009430912263574,-0.5089405451948187
14,15,4,4,0,theta,theta_out,2,-0.2584395470514949,-0.5312036511222646,0.27276410407076973
15,15,4,4,0,theta,theta_out,3,-0.013093132535166804,-0.3490226173143788,0.335929484779212
8,15,4,4,1,theta,theta_out,0,-0.4885694277511691,0.34759152307166874,-0.8361609508228378
9,15,4,4,1,theta,theta_out,1,0.27612029493061574,-0.3357737559054864,0.6118940508361022
10,15,4,4,1,theta,theta_out,2,-0.2713945411648597,0.3796594209429256,-0.6510539621077853
11,15,4,4,1,theta,theta_out,3,-0.2869921244709093,0.16439990826021483,-0.45139203273112416
4,15,4,4,2,theta,theta_out,0,-0.18877745804709334,-0.338093488771863,0.14931603072476968
5,15,4,4,2,theta,theta_out,1,0.20561177521289503,0.11699379308808741,0.08861798212480762
6,15,4,4,2,theta,theta_out,2,-0.49800271114962513,0.21397294171709116,-0.7119756528667163
7,15,4,4,2,theta,theta_out,3,-0.14022953834770666,0.14473492150609651,-0.28496445985380314
0,15,4,4,3,theta,theta_out,0,-0.8473757389297559,-0.44459847283563836,-0.40277726609411757
1,15,4,4,3,theta,theta_out,1,0.2257800631621769,-0.18115854836864315,0.40693861153082006
2,15,4,4,3,theta,theta_out,2,0.6066563126787219,0.03700417288146586,0.569652139797256
3,15,4,4,3,theta,theta_out,3,-0.6123310212609675,-0.21555280698666596,-0.39677821427430154
